{"cameraMode":{"drawMode":0,"name":"Shaded","section":"Shading Mode"},"sceneLighting":false,"audioPlay":false,"sceneViewState":{"showFog":true,"showMaterialUpdate":false,"showSkybox":false,"showFlares":true,"showImageEffects":true,"showParticleSystems":true},"in2DMode":false,"pivot":{"x":0.43655872344970705,"y":9.680643081665039,"z":-17.110939025878908},"rotation":{"x":0.00150000536814332,"y":-0.0008980660932138562,"z":0.000001380637513648253,"w":0.9999997019767761},"size":10.192571640014649,"orthographic":true}